bssid_or_oui,pin
00:01:23,69848454
00:05:CA,44161967
00:05:CA,73851738
00:05:CA,76916144
00:05:CA,83715837
00:07:26,45233661
00:0C:42,96416659
00:0C:43,24686745
00:0C:C3,47392717
00:0C:C3,71729374
00:0C:F1,30447028
00:0C:F1,82074403
00:0E:E8,96416659
00:14:D1,15537782
00:14:D1,24065999
00:14:D1,28773551
00:14:D1,58184862
00:14:D1,96416659
00:18:02,16546615
00:18:02,51664561
00:18:E7,15537782
00:18:E7,22310298
00:18:E7,28113065
00:18:E7,28773551
00:18:E7,47837249
00:18:E7,56031182
00:18:E7,64637129
00:18:E7,89201322
00:18:E7,92173646
00:18:E7,94273874
00:19:15,63396638
00:19:15,83669336
00:19:18,78091597
00:19:18,79519087
00:19:70,22310298
00:19:70,64637129
00:19:70,89201322
00:19:70,92173646
00:1A:2B,6787488
00:1A:2B,15624697
00:1A:2B,16495265
00:1A:2B,21143892
00:1A:2B,29834112
00:1A:2B,51340865
00:1A:2B,56259461
00:1A:2B,56804315
00:1A:2B,76543210
00:1A:2B,77775078
00:1A:2B,79642651
00:1A:2B,87057777
00:1A:2B,88478760
00:1A:A9,15624697
00:1A:A9,17084215
00:1A:A9,18836486
00:1A:A9,51248071
00:1A:A9,68463881
00:1A:A9,72527102
00:1A:A9,79642651
00:1C:A8,12738003
00:1C:A8,13968427
00:1C:A8,24145709
00:1C:A8,51641283
00:1C:A8,68067089
00:1C:F0,7199538
00:1C:F0,12046568
00:1C:F0,29604656
00:1C:F0,59755292
00:1C:F0,68065799
00:1C:F0,87218808
00:1C:F0,90803914
00:1D:19,20462066
00:1D:19,22310298
00:1D:19,64637129
00:1D:19,66026402
00:1D:19,89201322
00:1D:19,92173646
00:1D:73,70702488
00:1D:73,88420707
00:1D:7E,20462066
00:1D:7E,66026402
00:1D:CE,3106558
00:1D:CE,85560130
00:1D:D1,37272937
00:1D:D1,73927273
00:1D:D2,14550126
00:1D:D2,23124585
00:1D:D2,49143836
00:1D:D2,58542132
00:1D:D2,62105541
00:1D:D2,63834194
00:1E:58,622905
00:1E:58,50922600
00:1F:1F,16212558
00:1F:1F,26112558
00:1F:1F,28444558
00:1F:1F,85521162
00:1F:1F,85521261
00:1F:1F,85544482
00:1F:C6,39036443
00:1F:CE,14169809
00:1F:CE,68272159
00:1F:CE,90896141
00:1F:CE,95127286
00:21:29,22310298
00:21:29,50719859
00:21:29,64103747
00:21:29,64637129
00:21:29,74730146
00:21:29,82744458
00:21:29,85444728
00:21:29,89201322
00:21:29,92173646
00:21:29,95891705
00:21:91,82744458
00:21:91,85444728
00:22:3F,48247818
00:22:3F,81874284
00:22:6B,59900887
00:22:6B,78800995
00:22:B0,33896926
00:22:B0,62969833
00:22:B0,68975948
00:22:B0,84957986
00:23:69,41084315
00:23:69,51348014
00:23:CD,21808045
00:23:CD,54080812
00:24:01,10987957
00:24:01,31011193
00:24:01,39111013
00:24:01,75744779
00:24:01,75978901
00:24:01,97744757
00:24:17,11446958
00:24:17,31011193
00:24:17,39111013
00:24:17,85964411
00:24:8C,14839643
00:24:8C,34693841
00:24:A5,25406944
00:24:A5,44960452
00:24:C9,5678
00:24:C9,87650000
00:25:9C,78091597
00:25:9C,79519087
00:26:18,12345670
00:26:24,11647359
00:26:24,64185976
00:26:24,95374611
00:26:42,5678
00:26:42,87650000
00:26:44,17808794
00:26:44,26920287
00:26:44,49780871
00:26:44,78202962
00:26:5A,8674175
00:26:5A,17245685
00:26:5A,17539012
00:26:5A,21093571
00:26:5A,24557186
00:26:5A,33491169
00:26:5A,46417967
00:26:5A,57147680
00:26:5A,58654271
00:26:5A,76971464
00:26:5A,96119433
00:26:5B,28390046
00:26:5B,64009382
00:26:CE,5051267
00:26:CE,7806261
00:26:CE,9735651
00:26:CE,10423411
00:26:CE,10770511
00:26:CE,11432401
00:26:CE,11446958
00:26:CE,11450764
00:26:CE,11455776
00:26:CE,11472964
00:26:CE,11480044
00:26:CE,11483465
00:26:CE,11507701
00:26:CE,11508335
00:26:CE,11509059
00:26:CE,11515562
00:26:CE,11516705
00:26:CE,14116182
00:26:CE,15476692
00:26:CE,15653790
00:26:CE,16260870
00:26:CE,19315195
00:26:CE,19592303
00:26:CE,21010116
00:26:CE,26551511
00:26:CE,28133049
00:26:CE,28161141
00:26:CE,29667451
00:26:CE,30329591
00:26:CE,32754544
00:26:CE,35832647
00:26:CE,42191458
00:26:CE,44008411
00:26:CE,44545723
00:26:CE,46705411
00:26:CE,46927411
00:26:CE,50761511
00:26:CE,53380511
00:26:CE,56438411
00:26:CE,59151391
00:26:CE,61101012
00:26:CE,67755411
00:26:CE,74623853
00:26:CE,76215050
00:26:CE,85419124
00:26:CE,85964411
00:26:CE,94033182
00:26:CE,95090511
00:26:E8,15483607
00:26:E8,70638451
00:38:72,18836486
00:38:72,68463881
00:48:7A,15471628
00:48:7A,82617451
00:4F:62,21207136
00:4F:62,63170212
00:4F:67,13648947
00:4F:67,74984631
00:66:4B,38295243
00:72:63,51191759
00:8E:F2,85286162
00:AC:E0,84600024
00:E0:4C,3511653
02:10:18,20172527
02:10:18,72527102
04:8D:38,37573517
08:10:74,20956455
08:10:74,55465902
08:3E:0C,84600024
08:60:6E,4398554
08:60:6E,10121276
08:60:6E,16797963
08:60:6E,36979761
08:60:6E,45589340
08:60:6E,56962428
08:60:6E,67212101
08:60:6E,82426965
08:63:61,38295243
08:76:FF,79412988
08:76:FF,88921497
08:7A:4C,38295243
08:86:3B,19405212
08:86:3B,21250491
0C:96:BF,38295243
10:7B:EF,98236183
10:BF:48,3898668
10:BF:48,8208422
10:BF:48,22480280
10:BF:48,46818665
10:BF:48,56681864
10:BF:48,58755808
10:BF:48,63112047
10:BF:48,74021136
10:BF:48,80855785
10:BF:48,86689830
10:C6:1F,22643223
10:C6:1F,32234622
14:14:4B,20172527
14:14:4B,72527102
14:A9:E3,265744
14:A9:E3,288729
14:A9:E3,44756200
14:A9:E3,92788200
14:B9:68,38295243
14:D6:4D,11146801
14:D6:4D,20700737
14:D6:4D,30253546
14:D6:4D,54172326
14:D6:4D,64535203
14:D6:4D,73700702
14:D6:4D,84846264
14:D6:4D,90992267
14:D6:4D,99175913
14:D6:D4,31008167
14:D6:D4,76180013
14:DA:E9,49921928
14:DA:E9,54170759
14:DA:E9,82912994
14:DA:E9,95707145
18:1E:78,13023403
18:62:2C,11146801
18:62:2C,12821994
18:62:2C,25576672
18:62:2C,27667552
18:62:2C,41515435
18:62:2C,49912821
18:62:2C,50896035
18:62:2C,53069805
18:62:2C,53451514
18:62:2C,54172326
18:62:2C,62327145
18:62:2C,63282786
18:62:2C,81195549
18:62:2C,94559118
18:62:2C,99175913
18:F1:45,29834112
19:15:C1,42764199
19:15:C1,99146724
1A:0B:40,16186071
1A:0B:40,17068161
1C:7E:E5,10240762
1C:7E:E5,11146801
1C:7E:E5,22609298
1C:7E:E5,26704201
1C:7E:E5,46264848
1C:7E:E5,47650237
1C:7E:E5,54172326
1C:7E:E5,60418579
1C:7E:E5,62327145
1C:7E:E5,73205674
1C:7E:E5,76229909
1C:7E:E5,84846264
1C:7E:E5,89290622
1C:7E:E5,90992267
1C:7E:E5,97581406
1C:7E:E5,99175913
1C:BD:B9,13958288
1C:BD:B9,16675496
1C:BD:B9,17230407
1C:BD:B9,18641486
1C:BD:B9,19533852
1C:BD:B9,24557186
1C:BD:B9,25833591
1C:BD:B9,32774384
1C:BD:B9,48347723
1C:BD:B9,55349758
1C:BD:B9,61844517
1C:BD:B9,67331307
1C:BD:B9,68414681
1C:BD:B9,69457661
1C:BD:B9,70313376
1C:BD:B9,70403271
1C:BD:B9,71544816
1C:BD:B9,85794355
1C:BD:B9,88285931
20:08:ED,38295243
20:4E:7F,11146801
20:4E:7F,19951683
20:4E:7F,21072246
20:4E:7F,21164965
20:4E:7F,21822704
20:4E:7F,38615991
20:4E:7F,40722812
20:4E:7F,45197079
20:4E:7F,54172326
20:4E:7F,56946112
20:4E:7F,62327145
20:4E:7F,64227012
20:4E:7F,97079154
20:4E:7F,99175913
24:69:A5,38295243
28:10:7B,11146801
28:10:7B,20172527
28:10:7B,46264848
28:10:7B,46757496
28:10:7B,54172326
28:10:7B,69475764
28:10:7B,72527102
28:10:7B,84846264
28:10:7B,90992267
28:10:7B,99175913
28:28:5D,8206282
28:28:5D,28260280
28:28:5D,70814668
28:28:5D,86641807
28:C6:8E,56820436
2C:39:96,29123333
2C:39:96,33332192
2C:AB:25,73481959
2C:AB:25,95918437
2C:B0:5D,6693622
2C:B0:5D,22639660
2C:E4:12,10864111
2C:E4:12,11146801
2C:E4:12,15624697
2C:E4:12,18576313
2C:E4:12,20172527
2C:E4:12,31367581
2C:E4:12,31957199
2C:E4:12,54172326
2C:E4:12,62327145
2C:E4:12,72527102
2C:E4:12,79642651
2C:E4:12,99175913
30:39:F2,11967859
30:39:F2,13409708
30:39:F2,16083561
30:39:F2,16538061
30:39:F2,16702738
30:39:F2,18355604
30:39:F2,19756967
30:39:F2,35076737
30:39:F2,40655381
30:39:F2,43297917
30:39:F2,47148826
30:39:F2,62884174
30:39:F2,70920288
30:39:F2,71979234
30:39:F2,73767053
30:39:F2,76965791
30:39:F2,80790431
30:39:F2,83720761
30:39:F2,88202907
30:39:F2,95876911
30:46:9A,12012259
30:46:9A,19482417
30:46:9A,30592407
30:46:9A,70429503
30:46:9A,71428491
30:46:9A,95221021
30:85:A9,51162106
30:85:A9,60126115
32:57:60,24631758
32:57:60,29479281
32:57:60,31350701
32:57:60,37224392
34:08:04,16691898
34:08:04,24557186
34:08:04,36022656
34:08:04,38473344
34:08:04,44337483
34:08:04,47259339
34:08:04,65622063
34:08:04,89819661
34:08:04,93395274
34:57:60,24631758
34:57:60,29479281
34:57:60,31350701
34:57:60,37224392
34:6B:D3,38295243
34:8A:AE,608626
34:8A:AE,8130174
34:8A:AE,9883994
34:8A:AE,10835678
34:8A:AE,11764364
34:8A:AE,13180324
34:8A:AE,14041206
34:8A:AE,14793691
34:8A:AE,15289681
34:8A:AE,15901057
34:8A:AE,16426654
34:8A:AE,18127515
34:8A:AE,18698251
34:8A:AE,19639741
34:8A:AE,20046965
34:8A:AE,24358914
34:8A:AE,26344386
34:8A:AE,26932934
34:8A:AE,28470975
34:8A:AE,30335518
34:8A:AE,32208214
34:8A:AE,32789346
34:8A:AE,35927068
34:8A:AE,35994305
34:8A:AE,36272376
34:8A:AE,39093464
34:8A:AE,39423236
34:8A:AE,41280223
34:8A:AE,41399699
34:8A:AE,41423039
34:8A:AE,41985342
34:8A:AE,42308131
34:8A:AE,42596538
34:8A:AE,43923962
34:8A:AE,45662461
34:8A:AE,46346711
34:8A:AE,46439093
34:8A:AE,46955777
34:8A:AE,47103180
34:8A:AE,49938890
34:8A:AE,50310579
34:8A:AE,50349953
34:8A:AE,51381288
34:8A:AE,51500276
34:8A:AE,51572181
34:8A:AE,56964002
34:8A:AE,57907482
34:8A:AE,57955438
34:8A:AE,60014016
34:8A:AE,60214041
34:8A:AE,61041006
34:8A:AE,61446777
34:8A:AE,62680600
34:8A:AE,63232493
34:8A:AE,63926996
34:8A:AE,64398723
34:8A:AE,67200515
34:8A:AE,67327263
34:8A:AE,67715428
34:8A:AE,68344362
34:8A:AE,68755218
34:8A:AE,69050497
34:8A:AE,69342509
34:8A:AE,69962936
34:8A:AE,75010951
34:8A:AE,77755964
34:8A:AE,77764416
34:8A:AE,79405096
34:8A:AE,80794909
34:8A:AE,81255786
34:8A:AE,81553303
34:8A:AE,82451776
34:8A:AE,83455975
34:8A:AE,83569524
34:8A:AE,85840539
34:8A:AE,86072953
34:8A:AE,87653801
34:8A:AE,87737059
34:8A:AE,88218315
34:8A:AE,90524396
34:8A:AE,90949708
34:8A:AE,93032414
34:8A:AE,93504858
34:8A:AE,95073778
34:8A:AE,97501305
34:8A:AE,99699314
38:60:77,33958987
38:60:77,78985933
38:72:C0,12345678
38:72:C0,18836486
38:72:C0,20172527
38:72:C0,68463881
38:72:C0,72527102
38:72:C0,87654321
40:16:7E,2443003
40:16:7E,30034420
40:4A:03,11866428
40:4A:03,12144549
40:4A:03,25995187
40:4A:03,32725674
40:4A:03,39582355
40:4A:03,47652723
40:4A:03,55328593
40:4A:03,77150297
40:4A:03,78159952
40:4A:03,79205177
40:4A:03,82466811
40:4A:03,94544121
40:F2:01,4439868
40:F2:01,8597618
40:F2:01,12015427
40:F2:01,13023403
40:F2:01,17444303
40:F2:01,30344471
40:F2:01,36426034
40:F2:01,36869473
40:F2:01,37496863
40:F2:01,43062463
40:F2:01,72451021
40:F2:01,81679580
40:F2:01,86893440
44:32:C8,64185976
44:E9:DD,13023403
48:5B:39,37960216
48:5B:39,61206973
4C:17:EB,11146801
4C:17:EB,54172326
4C:17:EB,78091597
4C:17:EB,79519087
4C:17:EB,99175913
4C:60:DE,22958143
4C:60:DE,34185922
4C:60:DE,42473534
4C:60:DE,43537424
4C:60:DE,53550866
4C:60:DE,66805535
50:46:5D,1004564
50:46:5D,12010112
50:46:5D,21101021
50:46:5D,27440515
50:46:5D,46540010
50:46:5D,51504472
50:67:A0,32600087
50:67:A0,78000623
50:67:F0,3419724
50:67:F0,4898702
50:67:F0,5884889
50:67:F0,8253600
50:67:F0,9165847
50:67:F0,11288879
50:67:F0,16128396
50:67:F0,17044327
50:67:F0,18662719
50:67:F0,18674095
50:67:F0,19634173
50:67:F0,20064525
50:67:F0,20789840
50:67:F0,22608332
50:67:F0,23380622
50:67:F0,26599625
50:67:F0,26817976
50:67:F0,37143691
50:67:F0,42768777
50:67:F0,42791430
50:67:F0,44947477
50:67:F0,51660567
50:67:F0,52546002
50:67:F0,52594809
50:67:F0,52699562
50:67:F0,59047681
50:67:F0,67971862
50:67:F0,69382161
50:67:F0,72344071
50:67:F0,74184059
50:67:F0,74856190
50:67:F0,76506615
50:67:F0,77474944
50:67:F0,77786724
50:67:F0,90849525
50:67:F0,91726681
50:67:F0,95048147
50:67:F0,97888211
50:67:F0,98848850
54:04:A6,21699337
54:04:A6,31028325
54:04:A6,38982093
54:04:A6,39028983
54:04:A6,52382013
54:04:A6,73399612
54:04:A6,76729829
54:04:A6,92892767
54:67:51,46300096
54:67:51,69000364
54:67:51,94495089
54:67:51,98059449
54:6E:FC,2917092
54:6E:FC,29071920
54:A0:50,3243008
54:A0:50,10581425
54:A0:50,12430246
54:A0:50,22435842
54:A0:50,23073029
54:A0:50,24853422
54:A0:50,52418501
54:A0:50,64203421
54:A0:50,80034230
54:A0:50,92037032
58:6D:8F,10556405
58:6D:8F,16128396
58:6D:8F,28385174
58:6D:8F,47158382
58:6D:8F,50465501
58:6D:8F,69382161
58:98:35,49809835
58:98:35,53890894
5A:8E:85,35595261
5C:33:8E,478306
5C:33:8E,764025
5C:33:8E,3015162
5C:33:8E,4581277
5C:33:8E,8054319
5C:33:8E,11568951
5C:33:8E,11765592
5C:33:8E,14636987
5C:33:8E,15986511
5C:33:8E,22099903
5C:33:8E,26041687
5C:33:8E,26151030
5C:33:8E,29556711
5C:33:8E,30414129
5C:33:8E,30999022
5C:33:8E,33685984
5C:33:8E,35075693
5C:33:8E,36724835
5C:33:8E,39657053
5C:33:8E,40167758
5C:33:8E,48958633
5C:33:8E,52046700
5C:33:8E,53842763
5C:33:8E,60387400
5C:33:8E,73968597
5C:33:8E,77218540
5C:33:8E,78614062
5C:33:8E,78963641
5C:33:8E,79586937
5C:33:8E,82848439
5C:33:8E,85776104
5C:33:8E,91345080
5C:33:8E,92141403
5C:33:8E,93484828
5C:35:3B,2028097
5C:35:3B,21255759
5C:35:3B,58945537
5C:35:3B,64874487
5C:35:3B,73554985
5C:35:3B,78447846
5C:35:3B,79082020
5C:35:3B,95755212
5C:D9:98,24557186
5C:D9:98,55013318
5C:D9:98,81331055
60:A4:4C,60301
60:A4:4C,120519
60:A4:4C,145022
60:A4:4C,10306000
60:A4:4C,22054100
60:A4:4C,23085008
60:A4:4C,27705759
60:A4:4C,42012034
60:A4:4C,43021024
60:A4:4C,80058032
60:A4:4C,91502100
60:A4:4C,95750772
62:C7:14,32184129
62:C7:14,92148123
64:70:02,16713808
64:70:02,80831761
64:87:D7,12352861
64:87:D7,22680781
64:87:D7,53887546
64:87:D7,91560513
68:C0:6F,41719565
68:C0:6F,56591714
68:F9:56,1
68:F9:56,10000000
6A:1D:67,4161608
6A:1D:67,80616140
72:3D:FF,50540686
72:3D:FF,68604505
74:44:01,446747
74:44:01,10052648
74:44:01,27615126
74:44:01,62151672
74:44:01,74764400
74:44:01,84625001
74:88:8B,11967859
74:88:8B,13409708
74:88:8B,16083561
74:88:8B,16538061
74:88:8B,16702738
74:88:8B,18355604
74:88:8B,19756967
74:88:8B,35076737
74:88:8B,40655381
74:88:8B,43297917
74:88:8B,47148826
74:88:8B,62884174
74:88:8B,70920288
74:88:8B,71979234
74:88:8B,73767053
74:88:8B,76965791
74:88:8B,80790431
74:88:8B,83720761
74:88:8B,88202907
74:88:8B,95876911
74:D0:2B,9876699
74:D0:2B,16404656
74:D0:2B,20215332
74:D0:2B,22312204
74:D0:2B,23351202
74:D0:2B,34020029
74:D0:2B,40221322
74:D0:2B,63352009
74:D0:2B,65640461
74:D0:2B,68147648
74:D0:2B,84674186
74:D0:2B,90025336
74:D0:2B,92002043
74:D0:2B,99667890
78:24:AF,128032
78:24:AF,2750002
78:24:AF,3900147
78:24:AF,5312146
78:24:AF,14693432
78:24:AF,20005720
78:24:AF,20087124
78:24:AF,23082100
78:24:AF,23155107
78:24:AF,23439641
78:24:AF,25016147
78:24:AF,35320708
78:24:AF,41130506
78:24:AF,41340417
78:24:AF,42178002
78:24:AF,43132027
78:24:AF,60503114
78:24:AF,64121350
78:24:AF,70155132
78:24:AF,71404314
78:24:AF,72023134
78:24:AF,74100930
78:24:AF,74161052
78:24:AF,80702353
78:44:76,24065999
78:54:2E,18458626
78:54:2E,62685481
78:6A:89,38295243
7A:D1:5E,99988
7A:D1:5E,26184755
7A:D1:5E,55748162
7A:D1:5E,88899900
7A:D1:5E,88999000
7C:03:4C,90992267
7C:03:D8,10864111
7C:03:D8,11146801
7C:03:D8,15624697
7C:03:D8,18576313
7C:03:D8,20172527
7C:03:D8,31367581
7C:03:D8,31957199
7C:03:D8,54172326
7C:03:D8,62327145
7C:03:D8,72527102
7C:03:D8,79642651
7C:03:D8,99175913
7C:4F:B5,948135
7C:4F:B5,26623357
7C:4F:B5,53184900
7C:4F:B5,65688627
7C:4F:B5,72688656
7C:4F:B5,75332662
7C:D3:4C,25544934
7C:D3:4C,43944552
80:1F:02,3511653
80:1F:02,25406944
80:1F:02,44960452
84:1B:5E,35000187
84:1B:5E,78100053
84:A4:23,25221417
84:C9:B2,11146801
84:C9:B2,12808014
84:C9:B2,24557186
84:C9:B2,25655405
84:C9:B2,35065647
84:C9:B2,36929865
84:C9:B2,37327745
84:C9:B2,41080821
84:C9:B2,46264848
84:C9:B2,50455652
84:C9:B2,54172326
84:C9:B2,56892963
84:C9:B2,62327145
84:C9:B2,74656053
84:C9:B2,84846264
84:C9:B2,99175913
88:25:2C,3526859
88:25:2C,74425648
88:25:2C,84652447
88:25:2C,95862530
88:A6:C6,25221417
88:E3:AB,38295243
88:F7:C7,64185976
8C:10:D4,25221417
8C:CA:32,71259987
8C:CA:32,78995217
90:E6:BA,17035419
90:E6:BA,91453071
90:F6:52,4561842
90:F6:52,15094148
90:F6:52,16558205
90:F6:52,24816540
90:F6:52,26412948
90:F6:52,50285561
90:F6:52,59179719
90:F6:52,61296879
90:F6:52,82721468
90:F6:52,84149051
90:F6:52,84921462
90:F6:52,86412728
90:F6:52,91797195
90:F6:52,97869216
94:44:52,26023809
94:44:52,49772045
94:44:52,54027794
94:44:52,84354639
94:44:52,90832062
94:44:52,93645348
94:FE:F4,25544934
94:FE:F4,43944552
98:8B:5D,72527102
98:97:D1,24631758
98:97:D1,26440529
98:97:D1,29479281
98:97:D1,31550701
98:97:D1,36096916
98:97:D1,37224392
98:97:D1,51194295
98:97:D1,98784851
98:FC:11,55132909
98:FC:11,55623539
98:FC:11,90923155
98:FC:11,93532655
9C:C1:72,38295243
A0:0B:BA,0
A0:21:87,92442559
A0:21:87,95524429
A0:21:B7,1318104
A0:21:B7,21058516
A0:21:B7,40181310
A0:21:B7,61585012
A0:F3:C1,23504266
A4:52:6F,11967859
A4:52:6F,13409708
A4:52:6F,16083561
A4:52:6F,16538061
A4:52:6F,16702738
A4:52:6F,18355604
A4:52:6F,19756967
A4:52:6F,35076737
A4:52:6F,40655381
A4:52:6F,43297917
A4:52:6F,47148826
A4:52:6F,62884174
A4:52:6F,70920288
A4:52:6F,71979234
A4:52:6F,73767053
A4:52:6F,76965791
A4:52:6F,80790431
A4:52:6F,83720761
A4:52:6F,88202907
A4:52:6F,95876911
AC:22:0B,1871579
AC:22:0B,4511441
AC:22:0B,14411540
AC:22:0B,20172527
AC:22:0B,40362324
AC:22:0B,42326304
AC:22:0B,45386585
AC:22:0B,58568354
AC:22:0B,72527102
AC:22:0B,97517810
AC:9E:17,12720408
AC:9E:17,80402721
AC:E2:15,38295243
AC:E8:7B,69820577
AC:E8:7B,77502896
AC:F1:DF,72527102
B0:48:7A,54335677
B0:48:7A,77653345
B0:B2:DC,38469398
B0:B2:DC,89396483
B4:74:9F,19395632
B4:74:9F,23659391
B8:9B:C9,41613849
B8:9B:C9,94831614
B8:A3:86,41658
B8:A3:86,5805455
B8:A3:86,11146801
B8:A3:86,18571291
B8:A3:86,19217581
B8:A3:86,20172527
B8:A3:86,35050799
B8:A3:86,41433434
B8:A3:86,43433414
B8:A3:86,46264848
B8:A3:86,54172326
B8:A3:86,55450850
B8:A3:86,72527102
B8:A3:86,76229909
B8:A3:86,84846264
B8:A3:86,85614000
B8:A3:86,90992267
B8:A3:86,99175913
B8:A3:86,99705053
BC:76:70,63431919
BC:76:70,91913436
BC:AE:C5,11251286
BC:AE:C5,28665007
BC:AE:C5,55796477
BC:AE:C5,68215211
BC:AE:C5,70056682
BC:AE:C5,77469755
BC:EE:7B,302302
BC:EE:7B,1863530
BC:EE:7B,3536810
BC:EE:7B,12134526
BC:EE:7B,20320300
BC:EE:7B,30371343
BC:EE:7B,34317303
BC:EE:7B,36440009
BC:EE:7B,42677255
BC:EE:7B,42973249
BC:EE:7B,44383978
BC:EE:7B,45302206
BC:EE:7B,55277624
BC:EE:7B,60220354
BC:EE:7B,62543121
BC:EE:7B,87938344
BC:EE:7B,90004463
BC:EE:7B,94237924
BC:F6:85,3917961
BC:F6:85,11146801
BC:F6:85,16971930
BC:F6:85,23469754
BC:F6:85,45796432
BC:F6:85,46264848
BC:F6:85,54172326
BC:F6:85,72527102
BC:F6:85,84846264
BC:F6:85,90992267
BC:F6:85,99175913
C0:3F:0E,25032918
C0:3F:0E,81923052
C0:4A:00,6883319
C0:C1:C0,4840954
C0:C1:C0,33958987
C0:C1:C0,45904840
C0:C1:C0,78985933
C4:3D:C7,18991415
C4:3D:C7,20205287
C4:3D:C7,20741262
C4:3D:C7,26013084
C4:3D:C7,26214702
C4:3D:C7,26252384
C4:3D:C7,48031062
C4:3D:C7,48325262
C4:3D:C7,51419981
C4:3D:C7,78250202
C4:A8:1D,10107683
C4:A8:1D,38670101
C8:3A:35,1756401
C8:3A:35,10465710
C8:3A:35,11195207
C8:3A:35,70259111
C8:60:00,32959598
C8:60:00,46264848
C8:60:00,84846264
C8:60:00,89595923
C8:6C:87,21266524
C8:6C:87,42566212
C8:91:F9,24488183
C8:91:F9,38188442
C8:BE:19,7830512
C8:BE:19,11146801
C8:BE:19,54172326
C8:BE:19,84846264
C8:BE:19,90992267
C8:BE:19,99175913
C8:D3:A3,11146801
C8:D3:A3,21464065
C8:D3:A3,46483166
C8:D3:A3,54172326
C8:D3:A3,56046412
C8:D3:A3,66138464
C8:D3:A3,72527102
C8:D3:A3,99175913
C8:D5:FE,59900887
C8:D5:FE,78800995
CC:03:FA,64185976
CC:5D:4E,2256515
CC:5D:4E,10698882
CC:5D:4E,28648035
CC:5D:4E,28889601
CC:5D:4E,35403845
CC:5D:4E,51565220
CC:5D:4E,52469466
CC:5D:4E,53084682
CC:5D:4E,54830453
CC:5D:4E,66496425
CC:96:77,12345670
CC:96:77,33958987
CC:96:77,78985933
CC:A2:23,38295243
CC:B2:55,11146801
CC:B2:55,46264848
CC:B2:55,54172326
CC:B2:55,84846264
CC:B2:55,99175913
D0:0F:6D,24686745
D0:7A:B5,38295243
D0:84:B0,13023403
D0:AE:EC,4614485
D0:AE:EC,6235307
D0:AE:EC,12263813
D0:AE:EC,21091434
D0:AE:EC,31836221
D0:AE:EC,36831678
D0:AE:EC,42707594
D0:AE:EC,43419012
D0:AE:EC,46275288
D0:AE:EC,49570724
D0:AE:EC,58441640
D0:AE:EC,67791088
D0:AE:EC,70353260
D0:AE:EC,76871559
D0:AE:EC,87613863
D0:AE:EC,88019776
D0:AE:EC,88257264
D0:AE:EC,95517867
D0:D4:12,13409708
D0:D4:12,16083561
D0:D4:12,16538061
D0:D4:12,16702738
D0:D4:12,18355604
D0:D4:12,19756967
D0:D4:12,35076737
D0:D4:12,40655381
D0:D4:12,43297917
D0:D4:12,70920288
D0:D4:12,71979234
D0:D4:12,73767053
D0:D4:12,76965791
D0:D4:12,80790431
D0:D4:12,83720761
D0:D4:12,88202907
D4:7B:B0,4383741
D4:7B:B0,6659707
D4:7B:B0,11905541
D4:7B:B0,68509031
D4:7B:B0,82147776
D4:7B:B0,87995802
D4:BF:7F,8420143
D4:BF:7F,8677934
D4:BF:7F,18480223
D4:BF:7F,22330323
D4:BF:7F,24065999
D4:BF:7F,30591954
D4:BF:7F,32208481
D4:BF:7F,32229608
D4:BF:7F,32303322
D4:BF:7F,32303568
D4:BF:7F,34102480
D4:BF:7F,36719327
D4:BF:7F,42123026
D4:BF:7F,45919503
D4:BF:7F,46147905
D4:BF:7F,49424065
D4:BF:7F,50974164
D4:BF:7F,56042494
D4:BF:7F,62032124
D4:BF:7F,67149250
D4:BF:7F,72391763
D4:BF:7F,80692223
D4:BF:7F,86530323
D4:BF:7F,99956042
D8:50:E6,412445
D8:50:E6,8360243
D8:50:E6,12252602
D8:50:E6,20442064
D8:50:E6,20625221
D8:50:E6,34206380
D8:50:E6,46024402
D8:50:E6,54421400
D8:5D:4C,14156836
D8:5D:4C,63865141
D8:61:94,7383751
D8:61:94,12390001
D8:61:94,37573517
D8:61:94,43084313
D8:61:94,68749781
D8:61:94,71537573
D8:6C:E9,10864111
D8:6C:E9,11146801
D8:6C:E9,15624697
D8:6C:E9,18576313
D8:6C:E9,20172527
D8:6C:E9,31367581
D8:6C:E9,31957199
D8:6C:E9,54172326
D8:6C:E9,62327145
D8:6C:E9,72527102
D8:6C:E9,79642651
D8:6C:E9,99175913
D8:B6:B7,25058394
D8:B6:B7,72527102
D8:B6:B7,75651721
D8:FB:5E,4383741
D8:FB:5E,6659707
D8:FB:5E,9871311
D8:FB:5E,11905541
D8:FB:5E,41488322
D8:FB:5E,43114735
D8:FB:5E,67577211
D8:FB:5E,82147776
D8:FB:5E,87995802
D8:FE:E3,35037015
D8:FE:E3,51073053
DC:0B:1A,11967859
DC:0B:1A,13409708
DC:0B:1A,16083561
DC:0B:1A,16538061
DC:0B:1A,16702738
DC:0B:1A,18355604
DC:0B:1A,19756967
DC:0B:1A,21158766
DC:0B:1A,35076737
DC:0B:1A,40655381
DC:0B:1A,43297917
DC:0B:1A,47148826
DC:0B:1A,62884174
DC:0B:1A,66785112
DC:0B:1A,70920288
DC:0B:1A,71979234
DC:0B:1A,73767053
DC:0B:1A,76965791
DC:0B:1A,80790431
DC:0B:1A,83720761
DC:0B:1A,88202907
DC:0B:1A,95876911
DC:53:7C,2028097
DC:53:7C,21255759
DC:53:7C,58945537
DC:53:7C,64874487
DC:53:7C,73554985
DC:53:7C,78447846
DC:53:7C,79082020
DC:53:7C,95755212
E0:41:36,24631758
E0:41:36,29479281
E0:41:36,31350701
E0:41:36,31550701
E0:41:36,37224392
E0:60:66,21690299
E0:60:66,69778870
E0:91:15,42764199
E0:91:15,99146724
E0:91:F5,49945386
E0:91:F5,68354994
E0:CB:4E,1227989
E0:CB:4E,1244046
E0:CB:4E,5556724
E0:CB:4E,6404421
E0:CB:4E,32578926
E0:CB:4E,37195014
E0:CB:4E,38260337
E0:CB:4E,41059173
E0:CB:4E,42765550
E0:CB:4E,54227655
E0:CB:4E,55672245
E0:CB:4E,62987523
E0:CB:4E,73306283
E0:CB:4E,98972210
E4:BE:ED,46335461
E4:BE:ED,51191759
E4:C1:46,1
E4:C1:46,7251474
E4:C1:46,7383751
E4:C1:46,10000000
E4:C1:46,10009321
E4:C1:46,12390001
E4:C1:46,31348034
E4:C1:46,37573517
E4:C1:46,43084313
E4:C1:46,47415270
E4:C1:46,68749781
E4:C1:46,71537573
E8:3E:FC,84600024
E8:94:F6,19448046
E8:94:F6,64084491
E8:CD:2D,38295243
E8:DE:27,58725775
EC:08:6B,49159008
EC:43:F6,5556724
EC:43:F6,8841724
EC:43:F6,14873753
EC:43:F6,35737841
EC:43:F6,42714880
EC:43:F6,42765550
EC:43:F6,62930000
EC:62:64,72527102
EC:C1:46,37573517
EC:C1:46,71537573
F0:7D:68,3617984
F0:7D:68,4868756
F0:7D:68,7640254
F0:7D:68,26016573
F0:7D:68,29488104
F0:7D:68,35769576
F0:7D:68,37561062
F0:7D:68,40188492
F0:7D:68,42706816
F0:7D:68,45204670
F0:7D:68,48165639
F0:7D:68,48971630
F0:7D:68,61860724
F0:7D:68,65786840
F0:7D:68,67596753
F0:7D:68,93656184
F0:82:61,2915586
F0:82:61,5651375
F0:82:61,7088971
F0:82:61,7159435
F0:82:61,17988070
F0:82:61,18038736
F0:82:61,23526396
F0:82:61,27288269
F0:82:61,29334315
F0:82:61,35415657
F0:82:61,38905469
F0:82:61,48065735
F0:82:61,51343392
F0:82:61,53495170
F0:82:61,53756084
F0:82:61,54739628
F0:82:61,57315650
F0:82:61,58590889
F0:82:61,61483248
F0:82:61,61816879
F0:82:61,63783081
F0:82:61,64181479
F0:82:61,68551920
F0:82:61,69362532
F0:82:61,75651453
F0:82:61,82693745
F0:82:61,84238416
F0:82:61,96288272
F0:82:61,96450983
F0:82:61,97418146
F0:82:61,97861816
F0:82:61,98809585
F4:3E:61,16128396
F4:3E:61,28385174
F4:3E:61,47158382
F4:3E:61,69382161
F4:6D:04,44478177
F4:6D:04,47659836
F4:6D:04,63895674
F4:6D:04,71704537
F4:6D:04,73540717
F4:6D:04,77187444
F4:C7:14,12345670
F4:C7:14,18991415
F4:C7:14,51419981
F4:EC:38,2769282
F4:EC:38,3419724
F4:EC:38,4898702
F4:EC:38,5884889
F4:EC:38,9165847
F4:EC:38,11288879
F4:EC:38,17044327
F4:EC:38,18662719
F4:EC:38,18674095
F4:EC:38,19634173
F4:EC:38,20789840
F4:EC:38,22608332
F4:EC:38,23380622
F4:EC:38,26599625
F4:EC:38,26817976
F4:EC:38,28296720
F4:EC:38,37143691
F4:EC:38,42768777
F4:EC:38,42791430
F4:EC:38,44947477
F4:EC:38,51660567
F4:EC:38,52594809
F4:EC:38,52699562
F4:EC:38,59047681
F4:EC:38,67971862
F4:EC:38,72344071
F4:EC:38,74184059
F4:EC:38,74856190
F4:EC:38,76506615
F4:EC:38,77335449
F4:EC:38,77474944
F4:EC:38,77786724
F4:EC:38,90849525
F4:EC:38,91726681
F4:EC:38,94453377
F4:EC:38,95048147
F4:EC:38,97888211
F4:EC:38,98848850
F8:01:13,38295243
F8:1A:67,34194614
F8:1A:67,41649143
F8:1A:67,53983466
F8:1A:67,66438935
F8:3D:FF,25905892
F8:3D:FF,29850952
F8:3D:FF,38295243
F8:8E:85,12715657
F8:8E:85,16035232
F8:8E:85,19117652
F8:8E:85,20172527
F8:8E:85,23253061
F8:8E:85,25058394
F8:8E:85,25671191
F8:8E:85,35595261
F8:8E:85,49385052
F8:8E:85,68463881
F8:8E:85,72527102
F8:8E:85,75651721
F8:C0:91,2276103
F8:C0:91,24065999
F8:C0:91,25489989
F8:C0:91,63845802
F8:C0:91,98998452
F8:C0:91,99956042
F8:D1:11,16620186
F8:D1:11,18739662
F8:D1:11,19024387
F8:D1:11,25888805
F8:D1:11,50888852
F8:D1:11,55651219
F8:D1:11,68102661
F8:D1:11,78342091
F8:D1:11,91215655
FC:75:16,11146801
FC:75:16,24557186
FC:75:16,38855566
FC:75:16,46264848
FC:75:16,54172326
FC:75:16,66555883
FC:75:16,84846264
FC:75:16,99175913
FC:F5:28,16792302
FC:F5:28,20329761
FC:F5:28,78784574
